ID;M/F;TL;PCL;Notch_code;FG obs;FD obs;FD;FG;Dorsale;Bordure posterieure dorsale;Pec Droite;Pec Gauche;Caudale;Cephalofoil;Pelviennes;2eme dorsale;Anales;Face ventrale;Commentaires
R001;F;;;;1;1;Cicatrice horizontale FD;;;;Dentelée avec 3 entailles biens visibles et petites taches sombres vers la base;;entaille bordure postérieur lob sup caudale;;;;;0;
R002;F;;;;1;0;0;cicatrices ou tâche sombres;;excroissance partie inférieure dorsale;0;;excroissance caudale lobe sup;;;encoche;;0;
R003;F;;;;1;1;Deux tâches sombres postérieures aux branchies;tâches sombres ou cicatricesau dessus des branchies;;excroissance épaisse;;;apex lobe supérieur caudale tronqué et entailles et excroissance (effet dents de scie);;;;;0;
R004;F;3,5 - 4 m;2,5-3 m;1-0-(+1);0;1;NZ;0;Bentaille apex bordure antérieure;entaille apex bordure postérieur + excroissance partie inf;dentelée et entaillée sur toute la nageoire;0;apex peut-être effilé;;;;;0;
R005;F;2,5-3 m;2-2,5 m;0-0-(+1);0;1;Cicatrice horizontale au dessus de la pectorale FD;0;;2 entailles et 2 excroissances milieu dorsale bordure postérieure;;0;;;tronqué FD;; Nageoire anale tronquée;0;
R006;F;;1,5-2 m;2(+1)-1-0;1;0;0;;;excroissance et entailles partie haute milieu dorsale (notch code);2 excroissances et dentelée;2 entaille milieu pectorale;;;Excroissance FD;;;0;
R007;F;;;;0;1;2 points noirs au dessus anale FD et pustules au dessus pelvienne droite ;0;;;;0;2 entailles edge lobe sup + point noir bord antérieur lobe inférieur FD;;;;;0;
R008;F;;;;0;1;;0;courbure droite partie sup;courbure droite partie sup;dentelée;0;Apex atrophié/caractéristique;;;forme;;;Observée à Tikehau par Romain Dorard le 13/05/23
R009;F;;;;1;1;tâche non identifiée partie sup du FD;cicatrices ;;très dentelée;Très dentelée;Très dentelée;;;;entaille bordure postérieure et point noir FG;;0;
R010;F;;2-2,5 m;;1;0;0;;;entaille milieu ;0;Dentelé;tâche sombre dessus base caudale;;point noir PG;;;0;
R011;F;;;;1;1;Flétrissement antérieur pectorale D;Boursoufflure antérieure pectorale G;;;trace noir;dentelé;tâche blanche et bourssouflure base caudale coté droit;;;;forme;0;
R012;F;;;;1;1;;cicatrices;traces sombre des deux côté milieu bordure posétrieure;;;dentelée;parasite ou excroissance FG et entaille partie supe lobe sup;deux points noirs sous céphalofoil;;;;deux points noirs sous céphalofoil;
R013;F;;;;0;1;Marque blanche derrière branchies;;;entaille;;;Excroissances bord postérieur lobe inf + 1 excroissance apex lobe sup;;;;forme caractéristique ou entaille partie libre;;
R014;F;;;;0;1;;;;2 entailles milieu dorsale bordure postérieure;Excroissance;;Cicatrice / marque blanche sous partie libre FD;;;;;;
N001;F;3-3,5 m;2-2,5 m;0-(+1)-0;1;1;Cicatrice au dessus des branchies;Cicatrice au dessus des branchies;;Excroissance milieu de dorsale;;Tache sombre ;> 1 m;;;;point noir FG;0;
N002;F;3-3,5 m;2-2,5 m;0-2-2;1;1;Profonde cicatrice verticale posterieure aux branchies;Point noir anterieur aux branchies / Griffures sur le flanc;;dentelée (notch code);;Points noirs;Apex effilé;;;;;0;
N003;F;;;(+4)-(+1)-0;1;1;;;apex arrondi et dentelé;excroissance milieu bordure postérieur;;dentelée;;;;;;tache sombre sous la bouche;
N004;F;;;;1;0;0;Griffures au dessus des branchies et base postérieure dorsale;;;0;Partie antérieure et pointe dentelée;;;Entaille FG;;;0;
N006;F;2-2,5 m;1,5-2 m;0-4-2;1;1;nombreuses marques blanches; nombreuses marques blanches;Cicatrices FD/FG;dentelée (notch code);;Points noirs;;;tronquée FG;;tâche blanche FG / tâche sombre FD;2 tâches noir sous céphalofoil proche de la bordure antérieur;
N007;NI;;;;0;1;;0;"Apex de la dorsale abimé
 et excroissance ";;;0;;;;Absente;;0;
N008;F;3-3,5 m;2-2,5 m;;1;0;0;;;;0;;Lobe inferieur tronquée;;;;;0;
N009;F;;;0-1-0;1;1;cicatrices;;;entaille;tâche sombre;;2 Excroissances partie sup du lobe sup;;Entaille FG et FD partie sup;;point noir FD;0;
N010;F;;;;1;1;;;;Deux petites entailles milieu bordure;dentelé;très dentelée;Partie sup entaille + arrondi et entaille vers la fourche de la caudale;;;;excroissance postérieur à nageoire anale;point noir sous céfalofpoil côté gauche + centré sous lèvre inférieur bouche;"Observée à Tiputa par Bernard Beaussier le 05/08/22; doublon avec MO12"
N011;F;2,5-3 m;2-2,5 m;;1;1;Cicatrice milieu flanc et sous deuxième dorsale/ points blancs base dorsale et antérieurs aux branchies;;Cicatrices FD/FG;;Tâche blanche;excroissance;gondolé lobe suppérieur;;Entaille;;;0;<!> confusion possible avec I008
N012;F;;2-2,5 m;;1;1;Taches blanches entre pelviennes et anales;;;;dentelée;;;;Entaille FG;;;0;
N013;F;;;;0;1;;0;;;Entaille;;gondolé en parti haute lobe sup;;;gondolée;;0;
N015;F;2,5-3 m;1,5-2 m;;0;1;Cicatrice blanche sous la bordure posterieure de la dorsale;;Tache blanche FD et bordure antérieur dorsale;;Tache blanche sur pectorale et bordure postérieur;0;Bordure postérieur gondolé;tache blanche sur le dessus;;;;0;
N016;F;2,5-3 m;2-2,5 m;0-2-(+2);0;1;Tâche blanche postérieur aux branchies;0;;dentelée (notch code);Entaille;0;Encoche distinctif;;;;;0;<!> confusion possible avec N016
N017;F;;2-2,5 m;(+1)-0-0 ;1;1;Griffure blanche flanc droit antérieur à la nageoire pelvienne;0;tronquée  ;excroissance;;Encoche pectorale gauche;Entaille sup lobe sup;;;;;0;
N018;F;2,5-3 m;1,5-2 m;;1;1;cicatrice blanche au dessus posterieur des branchies;;;;excroissance/dentelé;entaille/dentelée;;;point noir FG;;;0;
N019;F;;;;0;1;Cicatrice milieu flanc et sous deuxième dorsale/ points blancs base dorsale et antérieurs aux branchies;0;;;entaille vers apex;;Entaille  sup lobe sup;;entaille ou point noir;;;0;
N020;F;2-2,5 m;1,5-2 m;;0;1;;0;coupée à mi-hauteur;;;0;;;;;;0;
N021;F;;;;1;1;point noir postérieur au céfalophoil;2 griffures partie postérieure du corps;;;excroissance;;Apex tronqué e tentaille sur la bordure postérieure;;tronqué FD;;;0;
N022;F;;2-2,5 m;;1;1;;;;plusieurs entailles (notch code non déterminé);entaille;;Partie libre apex manquante;;;;tâche blanche FD;0;
N023;F;;2-2,5 m;;1;1;tâche sombre millieu de flanc sous dorsale;cicatrices milieu flanc;;;Très dentelée + grosse entaille vers l'apex;Très dentelée +cicatrices + entaille postérieure;deux entailles lobe sup et point noir lobe inférieur CD;;Excroissance FG + griffure côté antérieur de la PG;;griffures anale côté gauche;point noir sous céphalofoil;Attention disparition du point noir lobe inf caudale FD
N024;F;3-3,5 m;2,5-3 m;;0;1;cicatrices flanc;0;griffures FD;;;0;partie libre sur encoche subterminale et  apex coupé +effilé +gondolement à la base de la fourche;;;;tâche noire FD;0;
N025;F;;2,5-3 m;;1;0;0;;;entaille;0;dentelée;;;Apex arrondi FG;;;0;
N026;F;3,5 - 4 m;2,5-3 m;1-(+1)-0;1;1;"tâche sombre base postérieure dorsale / point noir antérieur aux branchies FD
";;Base de la bordure antérieur blanche  ;entaille + excroissance;dentelée;;"cicatrice lob inf FD
";;"Arrondie et apex noir FD
";;;0;
N028;F;>4 m ;3-3,5 m;;1;1;blessures récentes sur le flanc;cicatrice milieu flanc et excroissance vers la tête;Forme arquée ++;;dentelé et tronqué à l'apec;Très dentelée;Entaille/cicatrice bordure antérieur lobe inf + rebon bordure ant lobe su partie if;;tâche noire FG + entaille apex FD;;tâche noire FG;0;
N029;F;;;;1;1;;cicatrice dessus branchies et tâche blanche flanc arrière;cicatrice horizontale milieu FG;Dentelée;dentelée;;3 Excroissances partie haute lobe sup;;;;;0;
N030;F;;2-2,5 m;;0;1;;0;;excroissance partie basse;Entaille;0;;;;;;0;
N031;F;;1,5-2 m;;1;1;;;cicatrice bordure antérieure basse;;Lacérée;dentelée + point blanc;entaille  sup lobe sup + apex caractéristique;;;;;0;
N032;F;3-3,5 m;2-2,5 m;;1;0;0;Nombreuses tâches sombres + cicatrice arrondie de morsure arrière gauche base de la caudale;;dentelée;0;;petit apex arrondi;;;Encoche;;0;
N033;F;>4 m ;2,5-3 m;;1;1;cicatrice au dessus des brancies et point de cicatrisation au dessus de la tête;;;;Dentelée + excroissance vers l'apex;apex tronqué;2 Excroissances vers la fourche lobe sup + tache blanche FG partie sup + gondolement partie antérieure + cicatrice horizontale lobe inf FD;;;Entaille;;pattern sous pectorale G;2 Comportements de curiosités envers ocellatus le 19/04/19 
N034;F;;;;1;0;0;;1 cicatrice bas côté gauche ;Entaille vers milieu postérieur côté gauche;0;dentelée + tâche sombre;;;schéma précis avec point noir FG;;tâche noire FG;0;
N035;F;;;;1;0;0;;;;0;Tâches sombres base pec;;;Entaille FG;;;0;
I001;F;;;;1;1;0;;;;0;apex tronqué;lobe sup tronquée + entaille edge + tâche blanche edge antérieur;;Entaille FG;;;0;
I002;F;2,5-3 m;2-2,5 m;;1;1;tâche sombre et griffures postérieure aux branchies;;traces noires FG- FG;;0;Entaille;Gondolé-effilé sous échancrure subterminale;;;;;Tache sombre sous PD et point noir sous PG;
I003;F;2,5-3 m;1,5-2 m;;0;1;;Boursoufflure antérieur aux branchies;Apex gondolé;;Entaille;0;;;;;;0;
I004;F;;1,5-2 m;2-0-(+1)1;0;1;cicatrices;0;;Entailles + excroissance partie inf;dentelée;0;0;0;tronqué FD;;;0;
I005;F;;;;1;0;0;"cicatrices: base dorsale; milieu flanc ; sous 2e dorsale ; ";cicatrice edge antérieure;;0;Cicatrices + tâches noirs;;;;;;0;
I006;F;;;;1;1;Tache blanche / cicatrice ou boursoufflure postérieure au dessus des branchies et cicatrice milieu de flanc;0;Point blanc FD;;dentelée et tache blanche/cicatrice sur pectorale et bordure postérieur;Entaille;petit apex coupé + 2 excroissances partie inf du lobe sup;;pattern noir caractéristique;;point blanc et tâche noire FD / Griffure FG;0;
I007;F;3-3,5 m;2-2,5 m;;1;1;Tâches sombres au dessus des branchies;;Apex coupé + point noir FD;entaille;entaille;parasite dessus;entaille partie sup lobe sup;;entaile PG;Forme;;0;
I008;F;;;;0;1;Cicatrice +tâche sombre;0;;entaille;;0;Gondolement milieu caudale;cicatrices;;;;0;<!> confusion possible avec N011
I009;F;2,5-3 m;2-2,5 m;;1;0;Cicatrices sur le flanc;;;;;excroissance edge;tronquée à l'apex + 2 entailles;;;;;0;
I010;F;;;;1;1;;0;;entailles + excroissance;dentelée + tâche sombre base de la pectorale;tâche sombe;tâche blanche FD + excroissance edge base lobe sup;;;;;0;
I011;F;3-3,5 m;2-2,5 m;;1;1;;2 cicatrices horizontales/tâches sombres entre les deux dorsales;;;dentelée;Excroissance + point noir à la base;;tâche blanche sur la tête;;;;0;
I012;F;2,5-3 m;1,5-2 m;0-0-0;1;1;;cictarices;;;;;apex tronqué / Appendice sub-terminal très développé;;Entaille FD;;;point noir sous la bouche;
I013;F;;1,5-2 m;;1;1;;cicatrices flanc + griffure partie pré-caudale;;;;dentelée + point noir edge antérieur;edge: 3 entailles + 1 excroissance;;;;;0;
I014;F;;1,5-2 m;;1;1;cicatrice;0;cicatrice horizontale FD;;poInt noir;2 Entailles edge;;;point noir FD / entaille edge antérieur FG;;;0;
I015;F;;;;1;0;0;cicatrices flanc + griffures sous 2e dorsale;Cicatrice FG + tâche blanche base bordure antérieure;;0;tache blanche edge;;tache sur la tête;;;;0;
I016;F;2,5-3 m;1,5-2 m;;1;0;0;cicatrices flanc;;entaille milieu edge;0;cicatrice + excroissance edge;excroissance edge + lobe inf tronqué;;;;Point noir FG;0;
I017;F;3-3,5 m;2-2,5 m;;1;1;Cicatrice sur la tête;Entaille profonde sous 2e dorsale;;;;;;;tronqué FD;;;0;
I018;F;;;0-0-1;1;0;0;cicatrice au dessus de la tête;;Entaille partie inf ;Entaille;;Apex terminal tronqué caractéristique;;;entaille edge;3 points noirs FG;;<!> confusion possible avec N016
I019;F;2-2,5 m;1,5-2 m;NA;1;1;problème de peau sous la 2e dorsale + Cicatrice horizontale au dessus de la pectorale, griffures sur le flanc ;Nombreuses cicatrices à la base pelvienne, à la base de la dorsale, au dessus des branchies, sur les flanc ==> se transforme en pustules/points noirs;;entaille milieu borudre postérieure;;;Pattern noir apex lobe inf noir caractéristique;;pattern noir caractéristique;point noir FG;;Point noir sous PD + 5 points noirs sous céphalofoil + 2 points noirs sous la bouche;
I020;F;;2,5-3 m;;1;1;0;Tâches sombres base de la fourche de la caudale;;;0;;Apex effilé + taches noires base caudale FG + tâche partie sup lobe sup FG;;;;tâche noire FD;0;
I021;F;;;;1;0;0;Cicatrices antérieur 2e dorsale;Cicatrices FG;Entaille partie sup + excroissance partie inf;0;2 Entailles edge;;;;;;0;
I022;F;;2-2,5 m;;1;1;Tâche sombre partie postérieur;;Apex tronqué et arrondi;;;;Encoche partie sup lobe sup + entaille partie inf lobe inf;;;;Point noir FG;0;
I023;F;3-3,5 m;2-2,5 m;(+1)-(+1)-0 ;1;1;Nombreuses cicatrices;cicatrice au dessus des branchies;Apex courbé;courbure + excroissance;Tache sombre;;;;;;;0;
A001;F;;;;1;1;Tache blanche au dessus des branchies;Tache sombre a la base de la dorsale;;;Tache blanche;Taches sombres;;;Tronquée FD;;;0;
A002;F;;;;0;1;Traces noires au dessus de la PD;Tache blanche au dessus des branchies;Légèrement tronquée/arrondie;;Taches sombres;0;Tâche blanche bordure antérieure lobe sup caudale;;Petite tâche blanche partie postérieure pelvienne droite;;;0;
A003;F;;;02/01/2003;1;1;;Traces noires;Dentelée;Dentelée (2 grosses entailles) ;Petite tache blanche;tâches sombres;Excroissance LS, peut-être gondolement bordure antérieure de la caudale;0;Tache noire pelvienne droite;;;0;
A004;F;;;1-2-(+1)- 1;0;1;Cicatrices noires a la base de la dorsale et sur le flan au dessus des pelviennes;0;Excroissance sur le tiers bas, notch code;Excroissance sur le tiers bas, notch code;Entaille;Entailles, dentelée;Petites entailles;0;Entaille PG;;;point noir sous PG;
A005;F;;;;1;1;Cicatrices noires, grosse tache noire sur le dessus de la tête devant la dorsale;Tache blanche au dessus des branchies;Petite entaille sur l'apex, traces noires;nette;;Grosse entaille, dentelée;gondolement/excroissance partie sup lobe sup + tâche balnche lobe sup caudale FD;;;;;0;
A006;F;;;2 (+2)-4 (+3)-1;1;1;;Cicatrices blanches;Caractéristique (dentelée);Caractéristique, très dentelée, 5 grosses excroissances;Point noir sous la pectorale;Dentelée;1 excroissance;;;;;Point noir sous PD;Vieux et gros
A007;F;;;Trop abimée;1;1;;Point blanc a la base de la dorsale, tache blanche au dessus des branchies;Très abimée, grosse tache blanche, cicatrices sur le FD;Très abimée et tordue;Point noir et possible tache sombre, dentelée;Entaille et taches sombres;Entaille et excroissance a l'extrémité de la caudale;0;;;;0;Dorsale très abimée
A008;F;;;;1;1;Grosses griffures blanches;traces sombre antérieur pectorale;;;tache blanche;Entaille;Gondolée milieu du lobe supérieur;;;;;0;
A009;F;;;;1;0;0;Cicatrices/boursoufflures;Nette, tache noire milieu de dorsale;Nette;0;Excroissance et entailles;Peut-être lobe supérieur gondole;;Entaille PD;;0;0;
A010;F;;;(+1)-1-(+1);1;1;;Point noir postérieur aux branchies;;2 excroissances;1 excroissance ;Entaille;Encoche bordure post-  lobe sup et lobe inf légèrement plié;;;;;point noir sous PD;
A011;F;;;;1;0;0;traces noires;;Encoche base borsale;0;traces noirs;excroissance bordure postérieure LI + encoche partie sup LS + entaille apex;;;;;0;
A012;M;;;0-0-1;1;0;0;;Une entaille;Une entaille;Point noir sous la pectorale;Traces blanches;0;0;Pattern;0;Pattern;Pattern;
A013;M;;;;1;0;0;;Petite cicatrice boursoufflée en longueur horizontale;Entailles;0;Peut être un peu dentelée ;Excroissance sur le lobe supérieur;;;Forme caractéristique (arrondie);;0;
A014;M;;;;1;0;0;Cicatrice ronde sur la première branchie;Dorsale tordue;Tordue, parasites sur la bordure postérieure;0;Traces blanches;;;;;Tache noire;0;
A015;F;;;;1;1;;;;Très abimée;dentelée et apex tronqué;encoches;entaille bordure post vers l'apex du lobe sup;;;;;0;
A016;F;;;;0;1;;0;Traces noires tout autour;;;0;Caudale légèrement gondolée le long de la bordure antérieure et petite excroissance a la fourche;Petite tache noire sur le dessus de la tête;Apex de la pelvienne fendu, noir d’un côté ;0;0;;
A017;M;;;;0;1;pustules parties basses;0;Points noirs FD;excroissance et entaille apex dorsale;3 tâches noires base PD;0;Gondolée en haut du lobe supérieur;2 petites taches noires sur le dessus;0;0;0;;
A019;M;;;;1;0;0;;;;0;Point noir;;;;;;point noir sur ptérygopodes;ptérygopodes
A018;M;;;;1;1;Importantes cicatrices, pigmentation sur tout le corps;Pigmentation sur tout le corps;Entaillée;Entaillée;;;Entaillée et gondolée;Une boursoufflure à l'arrière du céphalofoil;;Apex tronqué;;0;Pigmentation inhabituelle
A020;M;;;;0;1;;0;;;;0;Lobe inferieur tronque;;;;;Dessin noir;
A021;F;;;;1;0;0;;;Grosse excroissance;0;;"Gondolement bordure antérieure LS caudale et ""cassé"" à mi longueur/ petit apex caudale caractéristique";;;;;0;
A022;F;;;;;;;;;;;;;;;;;;
A023;M;;;;1;1;;Tache blanche et blessures;Petite entaille a la base de la dorsale;Petite entaille a la base de la dorsale;Point noir sous la pectorale;2 petites taches blanches sur la bordure postérieure;Une petite entaille LS;Point noir;;;;Points noirs sous céphalofoil et PD;
A024;M;;;;0;1;;0;;;Taches blanches;Entailles;Tronquée court + 2 entailles en haut du LS;;Tache blanche pelvienne droite;Forme caractéristique (vers l'arrière);;0;
A025;M;;;;1;0;0;;2 points noirs (parasites?);3 points noirs (parasites?);0;;Point noir (parasite?) et 2 entailles;0;Pelvienne droite fendue;Petite entaille sur l'apex;0;0;
A026;F;;;;;;;;;;;;;;;;;;
A027;M;;;Entaille;0;1;;0;Entaillée;Entaillée;Taches sombres et griffures blanches;0;Legeres entailles et excroissances;;Petite entaille PG;Petite entaille;Tache noire FD;;
A028;M;;;;1;0;0;Cicatrices/parasites;légèrement pliée ;;0;Petites taches noires;Entaille LS;;;;;0;
A029;F;;;;;;;;;;;;;;;;;;
A030;M;;;;0;1;;0;;;;0;Une excroissance LS;;;;apex tronqué/arrondi ?;0;
A031;M;;;;;;;;;;;;;;;;;;
A032;F;;;;1;0;0;;Forme caractéristique;grosse entaille + apex effilé;0;Grosse entaille;;;;;;0;
A033;F;;;;1;1;Tache blanche entre céphalofoil et branchies;Tache blanche entre céphalofoil et branchies;;;;Entaille, point noir et tache blanche bordure antérieure;Caractéristique: excroissance et entailles en haut du LS;;Point blanc FG;;;point noir sous PD;
A034;M;;;0-1-1;1;0;0;Griffures;Apex plié vers l'arrière, tordue;Très abimée et entailles;0;Peut être entaillée;;0;;;;0;Mauvaise qualité de la photo
A035;F;;;;1;0;;Pustule bas de la caudale;;;Entaille;tâches sombres;Apex tronqué / excroissance bord postérieur;;;;;;
A036;F;;;;1;0;;point noir au dessus anale;;;;;;;;;;point noir arrière de la bouche FG , sous pectorale droite , sous pelvienne droite;
A037;M;;;;1;0;;;Dentelée;Dentelée;;;"Forme caractéristique apex ; encoche sous partie libre ; entaille ";;;;;;
A038;M;;;;1;1;Grosses entailles / cicatrices;;;Encoches / entailles / Déchiquetée;Boursoufflure;tâche sombe;Gondolée milieu du lobe supérieur;;;;;;
A039;F;;;;1;0;;"Entaille / Morsure ; point noir au dessus pelvienne";;Encoche partie haute;;"Entailles, dentelée ; Tâches sombres";Parasite sous partie libre;;Excroissance PG;;;;
A040;F;;;;0;1;;;;;"Taches sombres ; dentelée";"Taches sombres ; dentelée";Parasite sous partie libre FD + FG;;point noir PD;;;;
A041;M;;;;0;1;;;Pli ou Cicatrice horizontale;;;;Forme caractéristique apex + 3 excroissances bord postérieur lobe sup;;;;;;
A042;F;;;;1;0;;Cicatrice / tache sombre;;;;apex tronqué;"Parasite sous partie libre ; Entaille milieu lobe sup";;Entaille / Forme PG;;;;
A043;F;;;;1;0;;;;Excroissance;;;Gondolement bordure antérieure LS;;;;;;
A044;F;;;;1;0;;;;entaille milieu bordure postérieure;;;Grosse excroissance lobe inf + 1 excroissance lobe sup;;;;;;
A045;F;;;;1;1;Cicatrice au dessus dernière branchie;cicatrice entre céphalofoil et branchies;;entaille milieu edge;;Tronquée;;;Excroissance PD;;;;
MO01;F;;;;1;1;0;0;Bordure antérieure de la dorsale ondulée;;Petite entaille a la base de la pectorale sur la bordure postérieure;0;0;Points noirs;FD forme caractéristique;0;0;Point noir entre les deux pectorales;
MO02;M;;;0-0-(+1);1;0;;0;Apex de la dorsale abimé, une excroissance;Une excroissance;;0;Excroissance à la base de la bordure postérieure du lobe supérieur de la caudale;0;0;Absente;0;;
MO03;M;;;1;1;0;;0;Excroissance sur la bordure postérieure de la dorsale;Excroissance sur la bordure postérieure de la dorsale;Point noir sur la bordure antérieure;0;Petites excroissances sur la caudale (parasites?);Point noir, dessin du céphalofoil;Excroissance sur la bordure postérieure de la nageoire pelvienne droite;0;0;0;
MO04;M;238;170;;1;0;;Tache sombre sur le flanc au dessus de la pelvienne;0;0;;Griffures blanches;0;;0;0;0;;
MO05;M;;;;0;1;0;;Point blanc bordure antérieure;0;Traces blanches;;Points blancs bordure antérieure du lobe supérieur;;Dessin noir;0;0;;
MO06;M;218;159;;0;1;0;;Forme arrondie;0;Taches noires et entaille;;0;;0;0;0;;
MO07;M;;;1-0-0;1;1;Blessure récente;0;"Petite entaille blanche sur la
bordure postérieure de la
dorsale";Petite entaille blanche;0;0;0;;Dessin noir;0;0;;
MO08;M;;;;0;1;Blessure récente;;Légèrement arrondie;Légèrement arrondie;Tache noire;;0;Encoches du céphalofoil très prononcées;0;0;0;;
MO09;M;;;;1;1;0;Traces noires;0;0;0;2 entailles;0;Mâchoire cassée;0;0;0;;
MO11;M;;;;0;1;"Point blanc en relief postérieur a la pectorale; tache noire sur le dessus, antérieur aux branchies";;Très abimée ;Très abimée;Traces de pigmentation noire et entailles;;Gondolée et entaillée;0;0;0;0;;
MO13;M;;;;1;1;;;;;;;cicatrice horizonatle lobe inf FD;;PD tronquée;Forme arrondie + excroissance au milieu;;;
MO14;M;;;;1;1;Taches blanches sur le flanc entre la pectorale et les pelviennes;Tache blanche proche du céphalofoil;;;Tronquée;;Apex Caudale « Cassé » vers l’arrière;;;;;;
MO15;M;;;;0;1;0;;0;0;0;;Tronquée sur l'apex du lobe supérieur;;0;0;0;;
MO16;F;334;258;;1;0;Trace noire sous la bordure antérieure de la dorsale;;0;0;traces noire et entailles;;"Tronquée ""en pointe""";0;0;0;0;;
MO17;F;;;;1;0;0;;; excroissance base dorsale;Dentelée;;lobe inf caudale tronquée + encoche edge lobe sup;;pelvienne D tronquée;;;Point noir sous PD;
MO18;F;;;;0;1;;0;;Entaille et excroissance;;0;;;PD tronquée;;;0;
MO19;M;;;;1;0;Point noir entre branchies et céphalofoil;Cicatrices;Gondolée / Forme caractéristique apex;;;;entaille bord postérieur lobe sup;;;;;Point noir sous PD;
O001;M;;;;1;1;"Penis droit tronqué ; marque blanche sur anale";Marque blanche sur milieu dorsale, au dessus branchies, sur le flanc;;;nombreux points noirs bord antérieur de la pectorale;;"2 excroissances bordure postérieur du lob sup ; point noir bordure antérieur du lob inf";;;;;point noir face ventrale du céphalofoil;
O002;F;;;;1;1;;;;;;;"Partie sub terminale libre tronquée ; marque blanche bord antérieur proche de la base";points noirs sur bord avant droit;;;;;
O003;F;;;;0;1;;;;;;;partie sub terminale tronquée et arrondie;points noirs sur bord avant;;;;point noir face ventrale du céphalofoil;
O004;F;;;;1;1;Marque blanche au dessus dernière branchie;;;Encoche à mi-hauteur;;;"Partie terminale tronquée ; bord antérieur du lob sup gondolé ; excroissances sur bord postérieur du lob sup ; encoche partie terminale du lob inf";nombreux points noirs bord avant;;;;;
O005;F;;;;1;0;;;;;;tronquée + marques blanches (dépigmentation) + entaille;excroissance bord postérieur du lob sup;;Excroissance pelvienne droite;;;;
O006;F;;;;0;1;Point noir au dessus de l'annale;;;;;;;;;;marque blanche flanc droit;Points noirs sous pec gauche;
O007;F;;;;0;1;;;;;;;Entaille bord postérieur partie terminale;;excroissance pelvienne droite;;;;
O008;F;;;;1;0;;nombreux pustules ;;;;;Effilée + Entaille bord postérieur partie terminale;;Point noir pelvienne gauche;;;;
O009;F;;;;0;1;2 pustules;;;;Dentelée;Encoche + dentelée;;point noir;;bord postérieur gondolé vers l'extrémité;;point noir face ventrale du céphalofoil;
O010;F;;;;1;1;;Points noirs entre anale et bas de la caudale;;;excroissance + entaille;;excroissance bord postérieur du lob sup;;;;;point noir face ventrale bord postérieur du céphalofoil;
O011;F;;;;1;1;griffures;;;2 excroissances;;;"Au moins 2 encoches + entailles bord postérieur du lob sup ; extrémité fendue/tronquée";;;;;;
O012;F;;;;1;1;2 points noirs au dessus annale;;;;excroissance + entaille;;pattern noir caractéristique extremité lob inf;;pointe tronquée pelvienne gauche;;;point noir coté droit;
O013;F;;;;1;1;;;pointe tronquée;Excroissance + Courbure droite de l'excroissance jusqu'à la pointe;Dentelée;Dentelée;forme caractéristique de la partie sub term libre + entaille bord postérieur partie terminale du lob sup + bord antérieur du lob sup gondolé;;;;;;
O014;F;;;;1;1;Griffures arrière du corps entre pelviennes et anale;;;;;Dentelée;"Excroissances + Gondolée lob sup ; pointe du lob inf tronquée";;pattern noir caractéristique extrémité pelvienne droite;;;points noirs bord antérieur céphalofoil;
O015;F;;;;0;1;cicatrice/marque blanche au dessus dernière branchie FD;;;excroissance proche de la base;entailles;entaille;pustules ou parasite extrémité lob sup FD;;;;;;
O016;F;;;;1;1;Marques blanches ;;marques blanches ;;;;;marques blanches sur le dessus;;;forme caractéristique;;
O017;F;;;;0;1;marque blanche au dessus dernière branchie;;grosse excroissance;grosse excroissance;;;entaille bord postérieur lobe sup;;;;;;
O018;F;;;;0;1;"2 marques blanches FD base de la caudale ; tache sombre au dessus anale";;;;tache sombre caractéristique;;Entaille bord postérieur partie terminale;;gondolée FD;;;;
V001;F;;;;0;1;2 marques blanches FD au niveau des pelviennes;;;;entaille base de la pectorale;;gondolé bord antérieur et postérieur ;;marque blanche PD;;;;
V002;F;;;;1;0;;;;;;Dentelée;gondolé bord antérieur et postérieur ;;;;marques blanches ;tache sombre PD;
V003;F;;;;1;0;;;;;2 encoches;;"1 excroissance bord postérieur lobe sup + entaille partie treminale lobe sup ; pattern noir caractéristique extrémité lobe inf";;;;entaille;;
V004;F;;;;0;1;;;;entaille;;;2 excroissances lobe sup + 1 excroissance lobe inf;;marques blanches PD;;;;
V005;F;;;;1;0;;parasite dessus du céphalofoil proche de la base de la dorsale;;;;;;;;;;;
V006;F;;;;1;1;cicatrice au dessus dernière branchie;;;entaille;;;Pli horizontal lobe inf;;;;marque blanche FD/FG;;
V007;F;;;;1;1;Pustule / Parasite ;;;Encoche;dentelée;cicatrice dessus;entaille / effilée partie terminale;;;;;;
V008;F;;;;1;0;;marques blanches au dessus premières branchies;;entaille;;;entaille ord postérieur du lobe sup;;;;point noir FG;;
V009;F;;;;1;0;;marque blanche base de la caudale;pli horizontal ;excroissances;;dentelée + taches sombres ;;;PG tronquée;;Forme caractéristique ou tronquée;;
V010;F;;;;0;1;cicatrice / marques blanches au dessus dernière branchie + point noir base de la caudale FD;;;;taches sombres;;;marque blanche sur le dessus;excroissance PG;entaille;;;
V011;F;;;;1;1;;entaille;;dentelée;dentelée + marque blanche FV;;partie terminale tronquée et arrondie + point noir à la base partie libre;;entaille PG;;;marque blanche sous PD;
V012;F;;;;1;0;;;;;;petite marque blanche;entailles / effilée + excroissance;;;;;;
V013;F;;;;1;0;;;;;;tronquée ?;;;;;entaille à l'extrémité;point noir sous PD;
V014;M;;;;1;0;;pustule ;;;entailles ;;1 excroissance bord postérieur lobe sup;;pattern noir caractéristique PG;;;;
V015;M;;;;1;0;;;dentelée;dentelée;;;4 excroissances bord postérieur du lobe sup + extrémité lobe inf tronquée;;;;;;
V016;M;;;;1;0;;marques blanches base caudale;;;;;1 excroissance lobe sup + gondolement + forme caractéristique du lobe inf;;;;pattern noir caractéristique FG;;
V018;M;;;;0;1;Point noir au dessus de l'annale;;;;;;excroissance bord postérieur du lobe sup;;;;tronquée et arrondie;;
V019;M;;;;1;0;;;;entaille;;;excroissance bord postérieur du lobe sup;;;;;;
V020;M;;;;1;0;;;Forme caractéristique;;;;encoche partie terminale lobe inf;;;;point noir FG;;
V021;F;;;;1;1;nombreuses marques blanches et griffures;nombreuses marques blanches et griffures;marques blanches ;entaille;;;entaille / partie terminale du lobe sup effilée + entailles lobe inf;;;entailles bord postérieur;point noir FD + entaille bord postérieur;;
T001;M;;;;0;1;marque blanche au dessus pelvienne;;;;tache sombre caractéristique;;entaille de la partie terminale du lobe sup + entaille et point noir bord postérieur lobe sup;;;;points noirs FD + entaille bord postérieur;;
T002;F;;;;1;1;marque blanche dessus à la base de la caudale;nombreuses marques blanches et griffures;;entaille;forme caractéristique;;entailles bord postérieur du lobe sup;;;;;point noir coin de la bouche FG + bord antérieur ;
T003;M;;;;0;1;"Grosse entaille ; taches sombres ";;;;;;"entaille bord postérieur lobe sup ; excroissances bord postérieur lobe inf ; entailles / partie terminale lobe sup effilée";;;;;;
T004;F;;;;1;1;Marque blanche au dessus dernière branchie;cicatrice / boursoufflure au dessus branchie;;2 excroissances ;tronquée + excroissance;;lobe inf tronqué et arrondi;;;;;;
T005;F;;;;0;1;tache sombre sur le céphalofoil;;;;2 encoches;;;;;;;tache sombre sous la machoire FD;
T006;F;;;;1;1;cicatrices / marques blanches;cicatrices / marques blanches;;2 excroissances;taches sombres;taches sombres + entaille;entaille bord postérieur lobe sup;;;;point noir FG;;
T007;M;;;;1;0;;;;;;;gondolé sur partie postérieur et antérieur;;forme + point noir PG;;;;
T008;M;;;;1;0;;;;;2 entailles;;Forme de l'apex caractéristique;;;;Forme caractéristique fendue;;
T009;F;;;;0;1;;;;;2 excroissances;;;;;;;;
T010;F;;;;1;0;;;;Entailles + Excroissances;;taches sombres caractéristiques;2 excroissance bordure postérieur du lobe sup;;;;marque noire;;
T011;F;;;;1;0;;;;entaille mi-hauteur;;taches sombres caractéristiques;;;;;;;
T012;M;;;;0;1;Grosse entaille au dessus branchies;;;;;;;;;courbure droite;;;
T013;M;;;;1;0;;cicatrice sous la dorsale;Marque de morsure / dents;2 entailles;;;1 excroissance bordure postérieure du lobe sup;;;;;2 points noirs sous céphalofoil ;
T014;F;;;;1;1;;cicatrices / marques blanches;Apex tronqué;;;entaille + marques blanches;"apex effilé ; marques blanches bord antérieur";;;;;"point noir coin de la bouche FD ; point noir sous PD";
