ID;Location;Année;Nb seasons ><;Total (yr);IR;SR;Date;M/F;TL;PCL;Notch_code;FG obs;FD obs;FD;FG;Dorsale;Bordure posterieure dorsale;Pec Droite;Pec Gauche;Caudale;Cephalofoil;Pelviennes;2eme dorsale;Anales;Face ventrale;Commentaires
R001;Tiputa;;;;;;"30/12/21;20/12/21;04/03/23";F;NR;NR;NR;1;1;Cicatrice horizontale FD;NA;NA;NA;Dentelée avec 3 entailles biens visibles et petites taches sombres vers la base;NA;entaille bordure postérieur lob sup caudale;NA;NA;NA;NA;0;
R002;Tiputa;;;;;;"20/12/21;25/12/21";F;NR;NR;NR;1;0;0;cicatrices ou tâche sombres;NA;excroissance partie inférieure dorsale;0;NA;excroissance caudale lobe sup;NA;NA;encoche;NA;0;
R003;Tiputa;;;;;;"19/12/21;02/03/22;10/03/24;18/03/25";F;NR;NR;NR;1;1;Deux tâches sombres postérieures aux branchies;tâches sombres ou cicatricesau dessus des branchies;NA;excroissance épaisse;NA;NA;apex lobe supérieur caudale tronqué et entailles et excroissance (effet dents de scie);NA;NA;NA;NA;0;
R004;Tiputa;;;;;;26/01/2022;F;3,5 - 4 m;2,5-3 m;1-0-(+1);0;1;NZ;0;Bentaille apex bordure antérieure;entaille apex bordure postérieur + excroissance partie inf;dentelée et entaillée sur toute la nageoire;0;apex peut-être effilé;NA;NA;NA;NA;0;
R005;Tiputa;;;;;;"12/01/16;19/12/21;28/12/23;18/02/23";F;2,5-3 m;2-2,5 m;0-0-(+1);0;1;Cicatrice horizontale au dessus de la pectorale FD;0;NA;2 entailles et 2 excroissances milieu dorsale bordure postérieure;NA;0;NA;NA;tronqué FD;NA; Nageoire anale tronquée;0;
R006;Tiputa;A;2;2;;;"22/01/19;20/08/19;28/12/21;27/12/23;04/01/24;";F;NR;1,5-2 m;2(+1)-1-0;1;0;0;NA;NA;excroissance et entailles partie haute milieu dorsale (notch code);2 excroissances et dentelée;2 entaille milieu pectorale;NA;NA;Excroissance FD;NA;NA;0;
R007;Tiputa;;;;;;06/01/2022;F;NR;NR;NR;0;1;2 points noirs au dessus anale FD et pustules au dessus pelvienne droite ;0;NA;NA;NA;0;2 entailles edge lobe sup + point noir bord antérieur lobe inférieur FD;NA;NA;NA;NA;0;
R008;Tiputa/Tikehau;;;;;;"25/02/10;02/02/22;07/01/22;06/03/23;24/12/23;21/02/25;13/05/23";F;NR;NR;NR;0;1;NA;0;courbure droite partie sup;courbure droite partie sup;dentelée;0;Apex atrophié/caractéristique;NA;NA;forme;NA;NA;Observée à Tikehau par Romain Dorard le 13/05/23
R009;Tiputa;;;;;;05/02/2022;F;NR;NR;NR;1;1;tâche non identifiée partie sup du FD;cicatrices ;NA;très dentelée;Très dentelée;Très dentelée;NA;NA;NA;entaille bordure postérieure et point noir FG;NA;0;
R010;Tiputa;;;;;;06/01/2022;F;NR;2-2,5 m;NR;1;0;0;NA;NA;entaille milieu ;0;Dentelé;tâche sombre dessus base caudale;NA;point noir PG;NA;NA;0;
R011;Tiputa;;;;;;13/03/2022;F;NR;NR;NR;1;1;Flétrissement antérieur pectorale D;Boursoufflure antérieure pectorale G;NA;NA;trace noir;dentelé;tâche blanche et bourssouflure base caudale coté droit;NA;NA;NA;forme;0;
R012;Tikehau;;;;;;"06/04/22;16/03/22;01/03/23;04/02/23;25/01/25;21/12/24;06/03/25";F;NR;NR;NR;1;1;NA;cicatrices;traces sombre des deux côté milieu bordure posétrieure;NA;NA;dentelée;parasite ou excroissance FG et entaille partie supe lobe sup;deux points noirs sous céphalofoil;NA;NA;NA;deux points noirs sous céphalofoil;
R013;Tiputa;;;;;;17/12/2021;F;;;;0;1;Marque blanche derrière branchies;;;entaille;;;Excroissances bord postérieur lobe inf + 1 excroissance apex lobe sup;;;;forme caractéristique ou entaille partie libre;;
R014;Tiputa;;;;;;02/04/2022;F;;;;0;1;;;;2 entailles milieu dorsale bordure postérieure;Excroissance;;Cicatrice / marque blanche sous partie libre FD;;;;;;
N001;Tiputa;;1;0;;;"01/01/21;20/01/21;28/01/21";F;3-3,5 m;2-2,5 m;0-(+1)-0;1;1;Cicatrice au dessus des branchies;Cicatrice au dessus des branchies;NA;Excroissance milieu de dorsale;NA;Tache sombre ;> 1 m;NA;NA;NA;point noir FG;0;
N002;Tiputa;A;2;4;;;"XX/01/17;05/01/17;02/01/21;15/01/21;27/01/21;20/02/21;21/02/21;03/02/21;19/02/21;28/12/19;03/01/22;11/01/23;15/02/23;16/02/23;18/02/23;24/02/23;07/03/23;17/02/24;01/01/25";F;3-3,5 m;2-2,5 m;0-2-2;1;1;Profonde cicatrice verticale posterieure aux branchies;Point noir anterieur aux branchies / Griffures sur le flanc;NA;dentelée (notch code);NA;Points noirs;Apex effilé;NA;NA;NA;NA;0;
N003;Tiputa;;1;0;;;"05/01/21;07/02/23;11/02/23;25/02/23";F;NR;NR;(+4)-(+1)-0;1;1;NA;NA;apex arrondi et dentelé;excroissance milieu bordure postérieur;NA;dentelée;NA;NA;NA;NA;NA;tache sombre sous la bouche;
N004;Tiputa;;1;0;;;27/01/2021;F;NR;NR;NR;1;0;0;Griffures au dessus des branchies et base postérieure dorsale;NA;NA;0;Partie antérieure et pointe dentelée;NA;NA;Entaille FG;NA;NA;0;
N006;Tiputa;;1;0;;;"22/01/21;25/01/21;28/02/21;03/03/21;08/02/21;06/02/23";F;2-2,5 m;1,5-2 m;0-4-2;1;1;nombreuses marques blanches; nombreuses marques blanches;Cicatrices FD/FG;dentelée (notch code);NA;Points noirs;NA;NA;tronquée FG;NA;tâche blanche FG / tâche sombre FD;2 tâches noir sous céphalofoil proche de la bordure antérieur;
N007;Tiputa;MO;1;0;;;"15/02/21;22/07/21;14/12/16;07/10/21";NI;NR;NR;NR;0;1;NA;0;"Apex de la dorsale abimé
 et excroissance ";NA;NA;0;NA;NA;NA;Absente;NA;0;
N008;Tikehau;A;4;4;;;"XX/04/18;19/10/19;11/07/20;12/01/21;13/01/21;03/02/21;16/02/22;28/11/20;04/02/23;07/02/23;08/02/23;19/05/23;21/06/23;26/11/24;27/01/25";F;3-3,5 m;2-2,5 m;NR;1;0;0;NA;NA;NA;0;NA;Lobe inferieur tronquée;NA;NA;NA;NA;0;
N009;Tiputa;A;2;2;;;"15/01/17;13/01/21;18/04/19;10/01/23;30/12/24;03/01/25";F;NR;NR;0-1-0;1;1;cicatrices;NA;NA;entaille;tâche sombre;NA;2 Excroissances partie sup du lobe sup;NA;Entaille FG et FD partie sup;NA;point noir FD;0;
N010;Tikehau/Tiputa;A -III-MOII;4;3;;9 mois;"XX/04/18;21/11/19;28/11/20;13/01/21;18/11/21;12/02/22;17/02/22;25/02/22;05/03/22;05/08/22;06/03/24;22/09/24;06/01/25;26/01/25";F;NR;NR;NR;1;1;NA;NA;NA;Deux petites entailles milieu bordure;dentelé;très dentelée;Partie sup entaille + arrondi et entaille vers la fourche de la caudale;NA;NA;NA;excroissance postérieur à nageoire anale;point noir sous céfalofpoil côté gauche + centré sous lèvre inférieur bouche;"Observée à Tiputa par Bernard Beaussier le 05/08/22; doublon avec MO12"
N011;Tiputa;A;2;2;;;"25/12/18;05/01/21;15/01/21;01/02/21;03/02/21;02/05/21;17/02/23;19/02/23;21/02/21";F;2,5-3 m;2-2,5 m;NR;1;1;Cicatrice milieu flanc et sous deuxième dorsale/ points blancs base dorsale et antérieurs aux branchies;NA;Cicatrices FD/FG;NA;Tâche blanche;excroissance;gondolé lobe suppérieur;NA;Entaille;NA;NA;0;<!> confusion possible avec I008
N012;Tiputa;A;2;4;;;"09/06/13;12/01/17;15/01/21;07/01/24;17/01/24;24/01/24;25/01/24;29/01/24;21/02/24;08/01/24";F;NR;2-2,5 m;NR;1;1;Taches blanches entre pelviennes et anales;NA;NA;NA;dentelée;NA;NA;NA;Entaille FG;NA;NA;0;
N013;Tiputa;;1;0;;;"17/01/21;03/02/21;11/01/23;21/02/23";F;NR;NR;NR;0;1;NA;0;NA;NA;Entaille;NA;gondolé en parti haute lobe sup;NA;NA;gondolée;NA;0;
N015;Tiputa;;1;0;;;"19/01/21;10/02/21;24/12/20";F;2,5-3 m;1,5-2 m;NR;0;1;Cicatrice blanche sous la bordure posterieure de la dorsale;NA;Tache blanche FD et bordure antérieur dorsale;NA;Tache blanche sur pectorale et bordure postérieur;0;Bordure postérieur gondolé;tache blanche sur le dessus;NA;NA;NA;0;
N016;Tiputa;;1;0;;;25/01/2021;F;2,5-3 m;2-2,5 m;0-2-(+2);0;1;Tâche blanche postérieur aux branchies;0;NA;dentelée (notch code);Entaille;0;Encoche distinctif;NA;NA;NA;NA;0;<!> confusion possible avec N016
N017;Tiputa;;1;0;;;"25/01/21;22/02/21;11/04/21;12/03/24";F;NR;2-2,5 m;(+1)-0-0 ;1;1;Griffure blanche flanc droit antérieur à la nageoire pelvienne;0;tronquée  ;excroissance;NA;Encoche pectorale gauche;Entaille sup lobe sup;NA;NA;NA;NA;0;
N018;Tiputa;;1;0;;;"08/01/21;27/01/21;29/12/20;10/01/23";F;2,5-3 m;1,5-2 m;NR;1;1;cicatrice blanche au dessus posterieur des branchies;NA;NA;NA;excroissance/dentelé;entaille/dentelée;NA;NA;point noir FG;NA;NA;0;
N019;Tiputa;III;1;0;;;"03/02/21;27/01/22";F;NR;NR;NR;0;1;Cicatrice milieu flanc et sous deuxième dorsale/ points blancs base dorsale et antérieurs aux branchies;0;NA;NA;entaille vers apex;NA;Entaille  sup lobe sup;NA;entaille ou point noir;NA;NA;0;
N020;Tiputa;;1;0;;;30/01/2021;F;2-2,5 m;1,5-2 m;NR;0;1;NA;0;coupée à mi-hauteur;NA;NA;0;NA;NA;NA;NA;NA;0;
N021;Tiputa;A -MOII;4;3;;;"XX/05/18;10/05/18;07/02/21;27/05/21;10/06/22;02/08/22;11/01/24;29/06/23";F;NR;NR;NR;1;1;point noir postérieur au céfalophoil;2 griffures partie postérieure du corps;NA;NA;excroissance;NA;Apex tronqué e tentaille sur la bordure postérieure;NA;tronqué FD;NA;NA;0;
N022;Tiputa;A;2;4;;;"10/12/16;27/01/21;23/01/21;05/02/17;28/01/17";F;NR;2-2,5 m;NR;1;1;NA;NA;NA;plusieurs entailles (notch code non déterminé);entaille;NA;Partie libre apex manquante;NA;NA;NA;tâche blanche FD;0;
N023;Tikehau/Avatoru;A;3;2;;;"05/03/20;XX/11/20;01/02/21;02/02/21;04/02/21;17/03/21;15/04/21;22/12/25";F;NR;2-2,5 m;NR;1;1;tâche sombre millieu de flanc sous dorsale;cicatrices milieu flanc;NA;NA;Très dentelée + grosse entaille vers l'apex;Très dentelée +cicatrices + entaille postérieure;deux entailles lobe sup et point noir lobe inférieur CD;NA;Excroissance FG + griffure côté antérieur de la PG;NA;griffures anale côté gauche;point noir sous céphalofoil;Attention disparition du point noir lobe inf caudale FD
N024;Tiputa;A;2;2;;;"02/02/21;01/04/19;21/04/21;11/03/24";F;3-3,5 m;2,5-3 m;NR;0;1;cicatrices flanc;0;griffures FD;NA;NA;0;partie libre sur encoche subterminale et  apex coupé +effilé +gondolement à la base de la fourche;NA;NA;NA;tâche noire FD;0;
N025;Tikehau;;1;0;;;03/02/2021;F;NR;2,5-3 m;NR;1;0;0;NA;NA;entaille;0;dentelée;NA;NA;Apex arrondi FG;NA;NA;0;
N026;Tikehau;A;2;3;;;"26/03/18;01/02/21;08/02/21";F;3,5 - 4 m;2,5-3 m;1-(+1)-0;1;1;"tâche sombre base postérieure dorsale / point noir antérieur aux branchies FD
";NA;Base de la bordure antérieur blanche  ;entaille + excroissance;dentelée;NA;"cicatrice lob inf FD
";NA;"Arrondie et apex noir FD
";NA;NA;0;
N028;Tiputa;A-III;3;3;;;"XX/XX/17;16/07/18;XX/XX/19;04/02/21;06/10/21;01/07/22;31/12/22;21/05/23;31/01/24;01/02/24;07/02/25;11/03/25";F;>4 m ;3-3,5 m;NR;1;1;blessures récentes sur le flanc;cicatrice milieu flanc et excroissance vers la tête;Forme arquée ++;NA;dentelé et tronqué à l'apec;Très dentelée;Entaille/cicatrice bordure antérieur lobe inf + rebon bordure ant lobe su partie if;NA;tâche noire FG + entaille apex FD;NA;tâche noire FG;0;
N029;Tiputa;A;12;3;;;"11/01/09;07/01/19;17/01/19;22/02/21;12/12/22;06/03/23;09/01/25;24/01/25";F;NR;NR;NR;1;1;NA;cicatrice dessus branchies et tâche blanche flanc arrière;cicatrice horizontale milieu FG;Dentelée;dentelée;NA;3 Excroissances partie haute lobe sup;NA;NA;NA;NA;0;
N030;Tiputa;;1;0;;;"23/02/21;11/03/21;23/01/23";F;NR;2-2,5 m;NR;0;1;NA;0;NA;excroissance partie basse;Entaille;0;NA;NA;NA;NA;NA;0;
N031;Tiputa;;1;0;;;"25/02/21;26/02/21;18/01/19;30/12/24;29/01/25;12/03/25;23/03/25";F;NR;1,5-2 m;NR;1;1;NA;NA;cicatrice bordure antérieure basse;NA;Lacérée;dentelée + point blanc;entaille  sup lobe sup + apex caractéristique;NA;NA;NA;NA;0;
N032;Tiputa;;1;0;;;04/03/2021;F;3-3,5 m;2-2,5 m;NR;1;0;0;Nombreuses tâches sombres + cicatrice arrondie de morsure arrière gauche base de la caudale;NA;dentelée;0;NA;petit apex arrondi;NA;NA;Encoche;NA;0;
N033;Tiputa;A;3;3;;;"29/12/17;10/04/18;07/01/19;18/04/19;20/03/19;21/02/20;29/12/20;28/02/21;01/03/21;03/03/21;17/12/21;04/01/24;31/01/25;09/03/25";F;> 4 m ;2,5-3 m;NR;1;1;cicatrice au dessus des brancies et point de cicatrisation au dessus de la tête;NA;NA;NA;Dentelée + excroissance vers l'apex;apex tronqué;2 Excroissances vers la fourche lobe sup + tache blanche FG partie sup + gondolement partie antérieure + cicatrice horizontale lobe inf FD;NA;NA;Entaille;NA;pattern sous pectorale G;2 Comportements de curiosités envers ocellatus le 19/04/19 
N034;Tiputa;;1;0;;;"23/01/21;27/01/21;04/05/21;24/12/23;25/01/23;06/03/23;02/02/24;18/03/24;07/02/25;08/02/25";F;NR;NR;NR;1;0;0;NA;1 cicatrice bas côté gauche ;Entaille vers milieu postérieur côté gauche;0;dentelée + tâche sombre;NA;NA;schéma précis avec point noir FG;NA;tâche noire FG;0;
N035;Tiputa;;1;0;;;"21/12/20;04/01/21";F;NR;NR;NR;1;0;0;NA;NA;NA;0;Tâches sombres base pec;NA;NA;Entaille FG;NA;NA;0;
I001;Tiputa;A-II-III;9;6;;4 mois;"24/01/14;10/01/16;22/03/19;16/04/19;21/12/19;20/01/20;26/01/20;13/11/21;06/01/22;16/03/22;24/12/21;22/02/22;27/12/23;28/01/24;06/02/24;21/03/24;23/03/24;24/03/24";F;NR;NR;NR;1;1;0;NA;NA;NA;0;apex tronqué;lobe sup tronquée + entaille edge + tâche blanche edge antérieur;NA;Entaille FG;NA;NA;0;
I002;Tiputa;A-III;4;3;;6 mois;"15/01/18;16/01/18;10/05/18;21/07/18;28/12/19;20/01/20;15/02/22;26/12/23;10/01/23;28/12/23";F;2,5-3 m;2-2,5 m;NR;1;1;tâche sombre et griffures postérieure aux branchies;NA;traces noires FG- FG;NA;0;Entaille;Gondolé-effilé sous échancrure subterminale;NA;NA;NA;NA;Tache sombre sous PD et point noir sous PG;
I003;Tiputa;;1;0;;;08/02/2020;F;2,5-3 m;1,5-2 m;NR;0;1;NA;Boursoufflure antérieur aux branchies;Apex gondolé;NA;Entaille;0;NA;NA;NA;NA;NA;0;
I004;Tiputa;;1;0;;;08/02/2020;F;NR;1,5-2 m;2-0-(+1)1;0;1;cicatrices;0;NA;Entailles + excroissance partie inf;dentelée;0;0;0;tronqué FD;NA;NA;0;
I005;Tiputa;;1;0;;;26/01/2020;F;NR;NR;NR;1;0;0;"cicatrices: base dorsale; milieu flanc ; sous 2e dorsale ; ";cicatrice edge antérieure;NA;0;Cicatrices + tâches noirs;NA;NA;NA;NA;NA;0;
I006;Tiputa;A-II;3;2;;;"26/12/18;31/12/18;18/01/19;23/01/19;21/01/20;25/01/20;28/12/20;17/01/21;01/02/21;03/02/21;13/03/17;02/01/23;17/01/23;16/02/23";F;NR;NR;NR;1;1;Tache blanche / cicatrice ou boursoufflure postérieure au dessus des branchies et cicatrice milieu de flanc;0;Point blanc FD;NA;dentelée et tache blanche/cicatrice sur pectorale et bordure postérieur;Entaille;petit apex coupé + 2 excroissances partie inf du lobe sup;NA;pattern noir caractéristique;NA;point blanc et tâche noire FD / Griffure FG;0;
I007;Tiputa;;2;5;;;"07/01/15;21/12/19;26/01/20;29/01/20;26/12/23;28/12/23;21/01/24";F;3-3,5 m;2-2,5 m;NR;1;1;Tâches sombres au dessus des branchies;NA;Apex coupé + point noir FD;entaille;entaille;parasite dessus;entaille partie sup lobe sup;NA;entaile PG;Forme;NA;0;
I008;Tiputa;;1;0;;;"08/02/20;09/03/23;21/03/24;26/03/25";F;NR;NR;NR;0;1;Cicatrice +tâche sombre;0;NA;entaille;NA;0;Gondolement milieu caudale;cicatrices;NA;NA;NA;0;<!> confusion possible avec N011
I009;Tiputa;;1;0;;;"25/01/20;29/01/20;08/01/18;04/12/19;08/01/24;11/01/24;30/01/23;10/01/24;11/01/24;12/03/24;17/03/24";F;2,5-3 m;2-2,5 m;NR;1;0;Cicatrices sur le flanc;NA;NA;NA;NA;excroissance edge;tronquée à l'apex + 2 entailles;NA;NA;NA;NA;0;
I010;Tiputa;A-III;14;5;;;"11/01/08;25/01/10;26/01/10;XX/01/15;12/01/16;29/01/18;08/02/20;15/12/21;21/12/21;12/02/22;30/03/22;04/01/24;07/01/24;09/01/24;21/01/24;22/01/24;18/03/24";F;NR;NR;NR;1;1;NA;0;NA;entailles + excroissance;dentelée + tâche sombre base de la pectorale;tâche sombe;tâche blanche FD + excroissance edge base lobe sup;NA;NA;NA;NA;0;
I011;Tiputa;II;2;1;;;"31/12/19;17/01/20;08/02/20;21/01/21;28/01/24";F;3-3,5 m;2-2,5 m;NR;1;1;NA;2 cicatrices horizontales/tâches sombres entre les deux dorsales;NA;NA;dentelée;Excroissance + point noir à la base;NA;tâche blanche sur la tête;NA;NA;NA;0;
I012;Tiputa/Fakarava;A-III;2;3;;;"07/04/19;12/02/20;18/11/21;04/01/24;05/01/25";F;2,5-3 m;1,5-2 m;0-0-0;1;1;NA;cictarices;NA;NA;NA;NA;apex tronqué / Appendice sub-terminal très développé;NA;Entaille FD;NA;NA;point noir sous la bouche;
I013;Tiputa;;1;0;;;"28/12/19;08/02/20;25/01/20;09/03/22";F;NR;1,5-2 m;NR;1;1;NA;cicatrices flanc + griffure partie pré-caudale;NA;NA;NA;dentelée + point noir edge antérieur;edge: 3 entailles + 1 excroissance;NA;NA;NA;NA;0;
I014;Tiputa;A;2;2;;;"22/01/18;08/02/20;28/12/19";F;NR;1,5-2 m;NR;1;1;cicatrice;0;cicatrice horizontale FD;NA;poInt noir;2 Entailles edge;NA;NA;point noir FD / entaille edge antérieur FG;NA;NA;0;
I015;Tiputa;;1;0;;;26/01/2020;F;NR;NR;NR;1;0;0;cicatrices flanc + griffures sous 2e dorsale;Cicatrice FG + tâche blanche base bordure antérieure;NA;0;tache blanche edge;NA;tache sur la tête;NA;NA;NA;0;
I016;Tiputa;;1;0;;;"17/01/20;25/01/20;26/01/20;23/12/23;29/12/23;30/12/23";F;2,5-3 m;1,5-2 m;NR;1;0;0;cicatrices flanc;NA;entaille milieu edge;0;cicatrice + excroissance edge;excroissance edge + lobe inf tronqué;NA;NA;NA;Point noir FG;0;
I017;Tiputa;;1;0;;;"25/01/20;13/02/23;03/01/24";F;3-3,5 m;2-2,5 m;NR;1;1;Cicatrice sur la tête;Entaille profonde sous 2e dorsale;NA;NA;NA;NA;NA;NA;tronqué FD;NA;NA;0;
I018;Tiputa;;1;0;;;15/01/2020;F;NR;NR;0-0-1;1;0;0;cicatrice au dessus de la tête;NA;Entaille partie inf ;Entaille;NA;Apex terminal tronqué caractéristique;NA;NA;entaille edge;3 points noirs FG;NA;<!> confusion possible avec N016
I019;Tiputa;II;2;1;;;"30/01/20;21/01/21;22/01/21;12/02/21;16/02/21;24/02/21;27/02/21;08/02/21;26/02/21;01/02/23;03/02/23;07/02/23;16/02/23;19/02/23;03/02/24";F;2-2,5 m;1,5-2 m;NA;1;1;problème de peau sous la 2e dorsale + Cicatrice horizontale au dessus de la pectorale, griffures sur le flanc ;Nombreuses cicatrices à la base pelvienne, à la base de la dorsale, au dessus des branchies, sur les flanc ==> se transforme en pustules/points noirs;NA;entaille milieu borudre postérieure;;;Pattern noir apex lobe inf noir caractéristique;NA;pattern noir caractéristique;point noir FG;NA;Point noir sous PD + 5 points noirs sous céphalofoil + 2 points noirs sous la bouche;
I020;Tiputa;A-III;5;4;;4 mois;"XX/XX/16;10/05/17;29/01/18;31/01/18;22/05/18;08/02/20;17/12/21;24/12/21;26/12/21;20/01/22;23/02/22;13/03/22;06/01/22;05/03/23;13/04/23;28/12/23;02/01/24;21/01/24;26/01/24;01/02/24;03/02/24;24/01/24;02/08/24;22/03/24";F;NR;2,5-3 m;NR;1;1;0;Tâches sombres base de la fourche de la caudale;NA;NA;0;NA;Apex effilé + taches noires base caudale FG + tâche partie sup lobe sup FG;NA;NA;NA;tâche noire FD;0;
I021;Tiputa;;1;0;;;12/01/2020;F;NR;NR;NR;1;0;0;Cicatrices antérieur 2e dorsale;Cicatrices FG;Entaille partie sup + excroissance partie inf;0;2 Entailles edge;NA;NA;NA;NA;NA;0;
I022;Avatoru;A;2;1;;;"10/11/18;17/01/20;05/04/23;24/03/24";F;NR;2-2,5 m;NR;1;1;Tâche sombre partie postérieur;NA;Apex tronqué et arrondi;NA;NA;NA;Encoche partie sup lobe sup + entaille partie inf lobe inf;NA;NA;NA;Point noir FG;0;
I023;Tiputa;A-II;4;3;;;"30/01/18;01/12/18;28/12/18;04/01/19;18/12/19;18/01/21;20/01/21;25/01/21;19/02/23;13/03/25";F;3-3,5 m;2-2,5 m;(+1)-(+1)-0 ;1;1;Nombreuses cicatrices;cicatrice au dessus des branchies;Apex courbé;courbure + excroissance;Tache sombre;NA;NA;NA;NA;NA;NA;0;
A001;Tiputa;;;;;;17/01/2017;F;NR;NR;NR;1;1;Tache blanche au dessus des branchies;Tache sombre a la base de la dorsale;NA;NA;Tache blanche;Taches sombres;NA;NA;Tronquée FD;NA;NA;0;
A002;Tiputa;;;;;;"26/12/09;19/01/17";F;NR;NR;NR;0;1;Traces noires au dessus de la PD;Tache blanche au dessus des branchies;Légèrement tronquée/arrondie;NA;Taches sombres;0;Tâche blanche bordure antérieure lobe sup caudale;NA;Petite tâche blanche partie postérieure pelvienne droite;NA;NA;0;
A003;Tiputa;;;;1 an;;"19/11/13;10/12/14;22/01/15";F;NR;NR;02/01/2003;1;1;NA;Traces noires;Dentelée;Dentelée (2 grosses entailles) ;Petite tache blanche;tâches sombres;Excroissance LS, peut-être gondolement bordure antérieure de la caudale;0;Tache noire pelvienne droite;NA;NA;0;
A004;Tiputa;;;;;;31/01/2015;F;NR;NR;1-2-(+1)- 1;0;1;Cicatrices noires a la base de la dorsale et sur le flan au dessus des pelviennes;0;Excroissance sur le tiers bas, notch code;Excroissance sur le tiers bas, notch code;Entaille;Entailles, dentelée;Petites entailles;0;Entaille PG;NA;NA;point noir sous PG;
A005;Tiputa;;;;;;"15/12/17;22/12/17;08/01/18;29/01/18";F;NR;NR;NR;1;1;Cicatrices noires, grosse tache noire sur le dessus de la tête devant la dorsale;Tache blanche au dessus des branchies;Petite entaille sur l'apex, traces noires;nette;NA;Grosse entaille, dentelée;gondolement/excroissance partie sup lobe sup + tâche balnche lobe sup caudale FD;NA;NA;NA;NA;0;
A006;Tikehau/Rangiroa;;;;3 ans;;"25/01/15;XX/01/15;09/12/17;17/04/18;12/05/18";F;NR;NR;2 (+2)-4 (+3)-1;1;1;NA;Cicatrices blanches;Caractéristique (dentelée);Caractéristique, très dentelée, 5 grosses excroissances;Point noir sous la pectorale;Dentelée;1 excroissance;NA;NA;NA;NA;Point noir sous PD;Vieux et gros
A007;Tiputa;;;;;4 mois;"XX/XX/16;21/12/17;10/04/18;04/05/22;26/12/22;10/01/23;04/01/24;07/01/24";F;NR;NR;Trop abimée;1;1;NA;Point blanc a la base de la dorsale, tache blanche au dessus des branchies;Très abimée, grosse tache blanche, cicatrices sur le FD;Très abimée et tordue;Point noir et possible tache sombre, dentelée;Entaille et taches sombres;Entaille et excroissance a l'extrémité de la caudale;0;NA;NA;NA;0;Dorsale très abimée
A008;Tiputa;;;;;;"02/01/19;07/01/19;18/01/19";F;NR;NR;NR;1;1;Grosses griffures blanches;traces sombre antérieur pectorale;NA;NA;tache blanche;Entaille;Gondolée milieu du lobe supérieur;NA;NA;NA;NA;0;
A009;Tiputa;;;;;;"10/12/14;XX/XX/07";F;NR;NR;NR;1;0;0;Cicatrices/boursoufflures;Nette, tache noire milieu de dorsale;Nette;0;Excroissance et entailles;Peut-être lobe supérieur gondole;NA;Entaille PD;NA;0;0;
A010;Tiputa;;;;8 ans;;"11/12/06;07/01/08;12/02/08;23/02/08;15/02/15;XX/08/17";F;NR;NR;(+1)-1-(+1);1;1;NA;Point noir postérieur aux branchies;NA;2 excroissances;1 excroissance ;Entaille;Encoche bordure post-  lobe sup et lobe inf légèrement plié;NA;NA;NA;NA;point noir sous PD;
A011;Tiputa;;;;2 ans;;"27/12/07;14/02/10;06/02/22;18/03/22";F;NR;NR;NR;1;0;0;traces noires;NA;Encoche base borsale;0;traces noirs;excroissance bordure postérieure LI + encoche partie sup LS + entaille apex;NA;NA;NA;NA;0;
A012;Tiputa;signes FG;;;;;13/09/2020;M;NR;NR;0-0-1;1;0;0;NA;Une entaille;Une entaille;Point noir sous la pectorale;Traces blanches;0;0;Pattern;0;Pattern;Pattern;
A013;Tiputa;;;;;;05/08/2017;M;NR;NR;NR;1;0;0;NA;Petite cicatrice boursoufflée en longueur horizontale;Entailles;0;Peut être un peu dentelée ;Excroissance sur le lobe supérieur;NA;NA;Forme caractéristique (arrondie);NA;0;
A014;Tiputa;;;;11 ans;;"19/09/07;21/09/15;26/09/15;08/08/18;13/06/25;14/08/25";M;NR;NR;NR;1;0;0;Cicatrice ronde sur la première branchie;Dorsale tordue;Tordue, parasites sur la bordure postérieure;0;Traces blanches;NA;NA;NA;NA;Tache noire;0;
A015;Tiputa/Avatoru;;;;;;"23/11/08;29/12/09;11/03/10";F;NR;NR;NR;1;1;NA;NA;NA;Très abimée;dentelée et apex tronqué;encoches;entaille bordure post vers l'apex du lobe sup;na;NA;NA;NA;0;
A016;Tiputa;;;;;;25/12/2018;F;NR;NR;NR;0;1;NA;0;Traces noires tout autour;NA;NA;0;Caudale légèrement gondolée le long de la bordure antérieure et petite excroissance a la fourche;Petite tache noire sur le dessus de la tête;Apex de la pelvienne fendu, noir d’un côté ;0;0;NA;
A017;Tiputa;;;;1 ans;;"07/10/17;26/10/18";M;NR;NR;NR;0;1;pustules parties basses;0;Points noirs FD;excroissance et entaille apex dorsale;3 tâches noires base PD;0;Gondolée en haut du lobe supérieur;2 petites taches noires sur le dessus;0;0;0;NA;
A019;Tiputa;signes FD;;;;;25/08/2019;M;NR;NR;NR;1;0;0;NA;NA;NA;0;Point noir;NA;NA;NA;NA;NA;point noir sur ptérygopodes;ptérygopodes
A018;Tiputa;;;;2 ans;;"26/09/12;11/09/14";M;NR;NR;NR;1;1;Importantes cicatrices, pigmentation sur tout le corps;Pigmentation sur tout le corps;Entaillée;Entaillée;NA;NA;Entaillée et gondolée;Une boursoufflure à l'arrière du céphalofoil;NA;Apex tronqué;NA;0;Pigmentation inhabituelle
A020;Tiputa;;;;;;07/08/2020;M;NR;NR;NR;0;1;NA;0;NA;NA;NA;0;Lobe inferieur tronque;NA;NA;NA;NA;Dessin noir;
A021;Avatoru;;;;;;13/10/2006;F;NR;NR;NR;1;0;0;NA;NA;Grosse excroissance;0;NA;"Gondolement bordure antérieure LS caudale et ""cassé"" à mi longueur/ petit apex caudale caractéristique";NA;NA;NA;NA;0;
A022;Tiputa;;;;;;06/01/2007;F;;;;;;;;;;;;;;;;;;
A023;Tiputa;;;;;;"20/08/19;25/08/19";M;NR;NR;NR;1;1;NA;Tache blanche et blessures;Petite entaille a la base de la dorsale;Petite entaille a la base de la dorsale;Point noir sous la pectorale;2 petites taches blanches sur la bordure postérieure;Une petite entaille LS;Point noir;NA;NA;NA;Points noirs sous céphalofoil et PD;
A024;Tiputa;;;;;;"26/01/10;20/08/2019";M;NR;NR;NR;0;1;NA;0;NA;NA;Taches blanches;Entailles;Tronquée court + 2 entailles en haut du LS;NA;Tache blanche pelvienne droite;Forme caractéristique (vers l'arrière);NA;0;
A025;Tiputa;;;;;;"22/08/19;20/08/19";M;NR;NR;NR;1;0;0;NA;2 points noirs (parasites?);3 points noirs (parasites?);0;NA;Point noir (parasite?) et 2 entailles;0;Pelvienne droite fendue;Petite entaille sur l'apex;0;0;
A026;Tiputa;;;;;;24/01/2008;F;;;;;;;;;;;;;;;;;;
A027;Tikehau;;;;;;18/10/2017;M;NR;NR;Entaille;0;1;NA;0;Entaillée;Entaillée;Taches sombres et griffures blanches;0;Legeres entailles et excroissances;NA;Petite entaille PG;Petite entaille;Tache noire FD;NA;
A028;Tiputa;;;;;;15/09/2018;M;NR;NR;NR;1;0;0;Cicatrices/parasites;légèrement pliée ;NA;0;Petites taches noires;Entaille LS;NA;NA;NA;NA;0;
A029;Tiputa;;;;;;22/10/2009;F;;;;;;;;;;;;;;;;;;
A030;Tiputa;;;;;;"19/06/18;04/10/18";M;NR;NR;NR;0;1;NA;0;NA;NA;NA;0;Une excroissance LS;NA;NA;NA;apex tronqué/arrondi ?;0;
A031;Tiputa;;;;;;07/09/2010;M;;;;;;;;;;;;;;;;;;
A032;Tiputa;;;;;;26/12/2018;F;NR;NR;NR;1;0;0;NA;Forme caractéristique;grosse entaille + apex effilé;0;Grosse entaille;NA;NA;NA;NA;NA;0;
A033;Tiputa;;;;;;09/04/2019;F;NR;NR;NR;1;1;Tache blanche entre céphalofoil et branchies;Tache blanche entre céphalofoil et branchies;NA;NA;NA;Entaille, point noir et tache blanche bordure antérieure;Caractéristique: excroissance et entailles en haut du LS;NA;Point blanc FG;NA;NA;point noir sous PD;
A034;Tiputa;;;;;;12/01/2017;M;NR;NR;0-1-1;1;0;0;Griffures;Apex plié vers l'arrière, tordue;Très abimée et entailles;0;Peut être entaillée;NA;0;NA;NA;NA;0;Mauvaise qualité de la photo
A035;Tiputa;;;;;;"06/01/19;28/12/20;10/08/22;15/12/22;06/03/25";F;;;;1;0;;Pustule bas de la caudale;;;Entaille;tâches sombres;Apex tronqué / excroissance bord postérieur;;;;;;
A036;Tiputa;;;;;;26/12/2016;F;;;;1;0;;point noir au dessus anale;;;;;;;;;;point noir arrière de la bouche FG , sous pectorale droite , sous pelvienne droite;
A037;Tiputa;;;;;;19/01/2018;M;;;;1;0;;;Dentelée;Dentelée;;;"Forme caractéristique apex ; encoche sous partie libre ; entaille ";;;;;;
A038;Tiputa;;;;;;25/09/2017;M;;;;1;1;Grosses entailles / cicatrices;;;Encoches / entailles / Déchiquetée;Boursoufflure;tâche sombe;Gondolée milieu du lobe supérieur;;;;;;
A039;Tiputa;;;;;;03/01/2018;F;;;;1;0;;"Entaille / Morsure ; point noir au dessus pelvienne";;Encoche partie haute;;"Entailles, dentelée ; Tâches sombres";Parasite sous partie libre;;Excroissance PG;;;;
A040;Tiputa;;;;;;"20/01/18;XX/01/18";F;;;;0;1;;;;;"Taches sombres ; dentelée";"Taches sombres ; dentelée";Parasite sous partie libre FD + FG;;point noir PD;;;;
A041;Tiputa;;;;;;"09/03/18;18/03/25";M;;;;0;1;;;Pli ou Cicatrice horizontale;;;;Forme caractéristique apex + 3 excroissances bord postérieur lobe sup;;;;;;
A042;Tiputa;;;;;;20/04/2018;F;;;;1;0;;Cicatrice / tache sombre;;;;apex tronqué;"Parasite sous partie libre ; Entaille milieu lobe sup";;Entaille / Forme PG;;;;
A043;Tiputa;;;;;;10/01/2016;F;;;;1;0;;;;Excroissance;;;Gondolement bordure antérieure LS;;;;;;
A044;Tiputa;;;;;;17/12/2007;F;;;;1;0;;;;entaille milieu bordure postérieure;;;Grosse excroissance lobe inf + 1 excroissance lobe sup;;;;;;
A045;Tiputa;;;;;;19/12/2007;F;;;;1;1;Cicatrice au dessus dernière branchie;cicatrice entre céphalofoil et branchies;;entaille milieu edge;;Tronquée;;;Excroissance PD;;;;
MO01;Tiputa;III;;;;;"XX/01/17;21/09/17;28/04/20;XX/01/21;24/06/21;25/12/21;22/06/22;26/07/22;01/08/22;03/11/21;18/02/19;07/02/22;03/01/23;16/01/23;08/02/23;11/02/23;14/02/23;17/02/23;12/03/23;15/03/23;23/07/23;25/12/23;27/12/23;03/01/24;19/01/24;13/12/24";F;NR;NR;NR;1;1;0;0;Bordure antérieure de la dorsale ondulée;NA;Petite entaille a la base de la pectorale sur la bordure postérieure;0;0;Points noirs;FD forme caractéristique;0;0;Point noir entre les deux pectorales;
MO02;Tiputa;;;;;;"22/07/21;15/02/21;05/10/21;07/03/23";M;NR;NR;0-0-(+1);1;0;NA;0;Apex de la dorsale abimé, une excroissance;Une excroissance;NA;0;Excroissance à la base de la bordure postérieure du lobe supérieur de la caudale;0;0;Absente;0;NA;
MO03;Tiputa;;;;;;"13/08/10;10/09/21";M;NR;NR;1;1;0;NA;0;Excroissance sur la bordure postérieure de la dorsale;Excroissance sur la bordure postérieure de la dorsale;Point noir sur la bordure antérieure;0;Petites excroissances sur la caudale (parasites?);Point noir, dessin du céphalofoil;Excroissance sur la bordure postérieure de la nageoire pelvienne droite;0;0;0;
MO04;Tiputa;;;;;;13/09/2021;M;238;170;NR;1;0;NA;Tache sombre sur le flanc au dessus de la pelvienne;0;0;NA;Griffures blanches;0;NA;0;0;0;NA;
MO05;Tiputa;;;;;;03/08/2021;M;NR;NR;NR;0;1;0;NA;Point blanc bordure antérieure;0;Traces blanches;NA;Points blancs bordure antérieure du lobe supérieur;NA;Dessin noir;0;0;NA;
MO06;Tiputa;;;;;;24/09/2021;M;218;159;NR;0;1;0;NA;Forme arrondie;0;Taches noires et entaille;NA;0;NA;0;0;0;NA;
MO07;Tiputa/Avatoru;;;;;;"25/09/21;10/11/18";M;NR;NR;1-0-0;1;1;Blessure récente;0;"Petite entaille blanche sur la
bordure postérieure de la
dorsale";Petite entaille blanche;0;0;0;NA;Dessin noir;0;0;NA;
MO08;Tiputa;;;;;;26/09/2021;M;NR;NR;NR;0;1;Blessure récente;NA;Légèrement arrondie;Légèrement arrondie;Tache noire;NA;0;Encoches du céphalofoil très prononcées;0;0;0;NA;
MO09;Tiputa;;;;;;"20/10/21;21/09/24";M;NR;NR;NR;1;1;0;Traces noires;0;0;0;2 entailles;0;Mâchoire cassée;0;0;0;NA;
MO11;Tiputa;;;;;;26/10/2021;M;NR;NR;NR;0;1;"Point blanc en relief postérieur a la pectorale; tache noire sur le dessus, antérieur aux branchies";NA;Très abimée ;Très abimée;Traces de pigmentation noire et entailles;NA;Gondolée et entaillée;0;0;0;0;NA;
MO13;Tiputa;;;;4 ans;;"10/04/18;19/11/21";M;NR;NR;NR;1;1;NA;NA;NA;NA;NA;NA;cicatrice horizonatle lobe inf FD;NA;PD tronquée;Forme arrondie + excroissance au milieu;NA;NA;
MO14;Tiputa;III;;;4 ans;;"08/12/21;07/10/17";M;NR;NR;NR;1;1;Taches blanches sur le flanc entre la pectorale et les pelviennes;Tache blanche proche du céphalofoil;NA;NA;Tronquée;NA;Apex Caudale « Cassé » vers l’arrière;NA;NA;NA;NA;NA;
MO15;Tiputa;III;;;;;12/11/2021;M;NR;NR;NR;0;1;0;NA;0;0;0;NA;Tronquée sur l'apex du lobe supérieur;NA;0;0;0;NA;
MO16;Tiputa;III;;;5 ans;;"18/12/16;14/01/17;15/12/21;21/09/17;18/04/19;28/12/23;30/12/23;23/01/24";F;334;258;NR;1;0;Trace noire sous la bordure antérieure de la dorsale;NA;0;0;traces noire et entailles;NA;"Tronquée ""en pointe""";0;0;0;0;NA;
MO17;Tiputa;III;;;;;"14/12/21;27/12/23";F;NR;NR;NR;1;0;0;NA;NA; excroissance base dorsale;Dentelée;NA;lobe inf caudale tronquée + encoche edge lobe sup;NA;pelvienne D tronquée;NA;NA;Point noir sous PD;
MO18;Fakarava;;;;;;"08/07/21;17/12/25";F;NR;NR;NR;0;1;NA;0;NA;Entaille et excroissance;NA;0;NA;NA;PD tronquée;NA;NA;0;
MO19;Tiputa;;;;;;06/09/2022;M;;;;1;0;Point noir entre branchies et céphalofoil;Cicatrices;Gondolée / Forme caractéristique apex;;;;entaille bord postérieur lobe sup;;;;;Point noir sous PD;
O001;Tiputa;;;;;;26/12/2022;M;NR;NR;NR;1;1;"Penis droit tronqué ; marque blanche sur anale";Marque blanche sur milieu dorsale, au dessus branchies, sur le flanc;;;nombreux points noirs bord antérieur de la pectorale;;"2 excroissances bordure postérieur du lob sup ; point noir bordure antérieur du lob inf";;;;;point noir face ventrale du céphalofoil;
O002;Tiputa;;;;;;"03/01/23;10/01/23;13/02/23;16/02/23";F;NR;NR;NR;1;1;;;;;;;"Partie sub terminale libre tronquée ; marque blanche bord antérieur proche de la base";points noirs sur bord avant droit;;;;;
O003;Tiputa;;;;;;03/01/2023;F;NR;NR;NR;0;1;;;;;;;partie sub terminale tronquée et arrondie;points noirs sur bord avant;;;;point noir face ventrale du céphalofoil;
O004;Tiputa;;;;;;"08/03/23;06/03/23;10/03/23;22/01/24;23/01/24;24/01/24;25/01/24;26/01/24";F;NR;NR;NR;1;1;Marque blanche au dessus dernière branchie;;;Encoche à mi-hauteur;;;"Partie terminale tronquée ; bord antérieur du lob sup gondolé ; excroissances sur bord postérieur du lob sup ; encoche partie terminale du lob inf";nombreux points noirs bord avant;;;;;
O005;Tiputa;;;;;;10/01/2023;F;NR;NR;NR;1;0;;;;;;tronquée + marques blanches (dépigmentation) + entaille;excroissance bord postérieur du lob sup;;Excroissance pelvienne droite;;;;
O006;Tiputa;;;;;;11/01/2023;F;NR;NR;NR;0;1;Point noir au dessus de l'annale;;;;;;;;;;marque blanche flanc droit;Points noirs sous pec gauche;
O007;Tiputa;;;;;;"24/01/23;15/02/23;27/02/23;16/02/24";F;NR;NR;NR;0;1;;;;;;;Entaille bord postérieur partie terminale;;excroissance pelvienne droite;;;;
O008;Tiputa;;;;;;"31/01/23;04/03/23";F;NR;NR;NR;1;0;;nombreux pustules ;;;;;Effilée + Entaille bord postérieur partie terminale;;Point noir pelvienne gauche;;;;
O009;Tiputa;;;;;;"07/02/23;10/02/23";F;NR;NR;NR;0;1;2 pustules;;;;Dentelée;Encoche + dentelée;;point noir;;bord postérieur gondolé vers l'extrémité;;point noir face ventrale du céphalofoil;
O010;Tiputa;;;;;;"11/02/23;21/02/23";F;NR;NR;NR;1;1;;Points noirs entre anale et bas de la caudale;;;excroissance + entaille;;excroissance bord postérieur du lob sup;;;;;point noir face ventrale bord postérieur du céphalofoil;
O011;Tiputa;;;;;;"15/02/23;02/03/23;04/03/23;08/03/23";F;NR;NR;NR;1;1;griffures;;;2 excroissances;;;"Au moins 2 encoches + entailles bord postérieur du lob sup ; extrémité fendue/tronquée";;;;;;
O012;Tiputa;;;;;;16/02/2023;F;NR;NR;NR;1;1;2 points noirs au dessus annale;;;;excroissance + entaille;;pattern noir caractéristique extremité lob inf;;pointe tronquée pelvienne gauche;;;point noir coté droit;
O013;Tiputa;;;;;;"18/02/23;24/03/24;08/02/25;28/12/18";F;NR;NR;NR;1;1;;;pointe tronquée;Excroissance + Courbure droite de l'excroissance jusqu'à la pointe;Dentelée;Dentelée;forme caractéristique de la partie sub term libre + entaille bord postérieur partie terminale du lob sup + bord antérieur du lob sup gondolé;;;;;;
O014;Tiputa;;;;;;"24/02/23;09/03/22;16/03/22";F;NR;NR;NR;1;1;Griffures arrière du corps entre pelviennes et anale;;;;;Dentelée;"Excroissances + Gondolée lob sup ; pointe du lob inf tronquée";;pattern noir caractéristique extrémité pelvienne droite;;;points noirs bord antérieur céphalofoil;
O015;Tiputa;;;;;;"02/03/23;04/03/23";F;NR;NR;NR;0;1;cicatrice/marque blanche au dessus dernière branchie FD;;;excroissance proche de la base;entailles;entaille;pustules ou parasite extrémité lob sup FD;;;;;;
O016;Tiputa;;;;;;"05/02/23;11/03/23;10/03/23;27/12/23;28/12/23;30/12/23";F;NR;NR;NR;1;1;Marques blanches ;;marques blanches ;;;;;marques blanches sur le dessus;;;forme caractéristique;;
O017;Tiputa;;;;;;16/03/2023;F;NR;NR;NR;0;1;marque blanche au dessus dernière branchie;;grosse excroissance;grosse excroissance;;;entaille bord postérieur lobe sup;;;;;;
O018;Tikehau;;;;;;"08/02/23;09/02/23;25/03/23;20/02/23";F;NR;NR;NR;0;1;"2 marques blanches FD base de la caudale ; tache sombre au dessus anale";;;;tache sombre caractéristique;;Entaille bord postérieur partie terminale;;gondolée FD;;;;
V001;Tiputa;;;;;;23/12/2023;F;NR;NR;NR;0;1;2 marques blanches FD au niveau des pelviennes;;;;entaille base de la pectorale;;gondolé bord antérieur et postérieur ;;marque blanche PD;;;;
V002;Tiputa;;;;;;26/12/2023;F;NR;NR;NR;1;0;;;;;;Dentelée;gondolé bord antérieur et postérieur ;;;;marques blanches ;tache sombre PD;
V003;Tiputa;;;;;;"27/12/23;22/12/23";F;NR;NR;NR;1;0;;;;;2 encoches;;"1 excroissance bord postérieur lobe sup + entaille partie treminale lobe sup ; pattern noir caractéristique extrémité lobe inf";;;;entaille;;
V004;Tiputa;;;;;;28/12/2023;F;NR;NR;NR;0;1;;;;entaille;;;2 excroissances lobe sup + 1 excroissance lobe inf;;marques blanches PD;;;;
V005;Tiputa;;;;;;"27/12/23;30/12/23";F;NR;NR;NR;1;0;;parasite dessus du céphalofoil proche de la base de la dorsale;;;;;;;;;;;
V006;Tiputa;;;;;;31/12/2023;F;NR;NR;NR;1;1;cicatrice au dessus dernière branchie;;;entaille;;;Pli horizontal lobe inf;;;;marque blanche FD/FG;;
V007;Tiputa;;;;;;04/01/2024;F;NR;NR;NR;1;1;Pustule / Parasite ;;;Encoche;dentelée;cicatrice dessus;entaille / effilée partie terminale;;;;;;
V008;Tiputa;;;;;;20/01/2024;F;NR;NR;NR;1;0;;marques blanches au dessus premières branchies;;entaille;;;entaille ord postérieur du lobe sup;;;;point noir FG;;
V009;Tiputa;;;;;;"30/12/23;22/01/24;24/01/24";F;NR;NR;NR;1;0;;marque blanche base de la caudale;pli horizontal ;excroissances;;dentelée + taches sombres ;;;PG tronquée;;Forme caractéristique ou tronquée;;
V010;Tiputa;;;;;;"22/01/24;25/01/24";F;NR;NR;NR;0;1;cicatrice / marques blanches au dessus dernière branchie + point noir base de la caudale FD;;;;taches sombres;;;marque blanche sur le dessus;excroissance PG;entaille;;;
V011;Tiputa;;;;;;"20/12/23;24/01/24";F;NR;NR;NR;1;1;;entaille;;dentelée;dentelée + marque blanche FV;;partie terminale tronquée et arrondie + point noir à la base partie libre;;entaille PG;;;marque blanche sous PD;
V012;Tiputa;;;;;;27/01/2024;F;NR;NR;NR;1;0;;;;;;petite marque blanche;entailles / effilée + excroissance;;;;;;
V013;Tiputa;;;;;;31/01/2024;F;NR;NR;NR;1;0;;;;;;tronquée ?;;;;;entaille à l'extrémité;point noir sous PD;
V014;Tiputa;;;;;;"01/02/24;26/07/23";M;NR;NR;NR;1;0;;pustule ;;;entailles ;;1 excroissance bord postérieur lobe sup;;pattern noir caractéristique PG;;;;
V015;Tiputa;;;;;;06/02/2024;M;NR;NR;NR;1;0;;;dentelée;dentelée;;;4 excroissances bord postérieur du lobe sup + extrémité lobe inf tronquée;;;;;;
V016;Tiputa;;;;;;21/02/2024;M;NR;NR;NR;1;0;;marques blanches base caudale;;;;;1 excroissance lobe sup + gondolement + forme caractéristique du lobe inf;;;;pattern noir caractéristique FG;;
V018;Tiputa;;;;;;22/03/2024;M;NR;NR;NR;0;1;Point noir au dessus de l'annale;;;;;;excroissance bord postérieur du lobe sup;;;;tronquée et arrondie;;
V019;Tiputa;;;;;;22/03/2024;M;NR;NR;NR;1;0;;;;entaille;;;excroissance bord postérieur du lobe sup;;;;;;
V020;Tiputa;;;;;;24/03/2024;M;NR;NR;NR;1;0;;;Forme caractéristique;;;;encoche partie terminale lobe inf;;;;point noir FG;;
V021;Toau;;;;;;26/10/2023;F;;;;1;1;nombreuses marques blanches et griffures;nombreuses marques blanches et griffures;marques blanches ;entaille;;;entaille / partie terminale du lobe sup effilée + entailles lobe inf;;;entailles bord postérieur;point noir FD + entaille bord postérieur;;
T001;Tikehau;;;;;;22/09/2024;M;;;;0;1;marque blanche au dessus pelvienne;;;;tache sombre caractéristique;;entaille de la partie terminale du lobe sup + entaille et point noir bord postérieur lobe sup;;;;points noirs FD + entaille bord postérieur;;
T002;Tiputa;;;;;;"24/12/24;22/12/24";F;;;;1;1;marque blanche dessus à la base de la caudale;nombreuses marques blanches et griffures;;entaille;forme caractéristique;;entailles bord postérieur du lobe sup;;;;;point noir coin de la bouche FG + bord antérieur ;
T003;Tiputa;;;;;;05/02/2025;M;;;;0;1;"Grosse entaille ; taches sombres ";;;;;;"entaille bord postérieur lobe sup ; excroissances bord postérieur lobe inf ; entailles / partie terminale lobe sup effilée";;;;;;
T004;Tiputa;;;;;;"08/02/25;13/02/25";F;;;;1;1;Marque blanche au dessus dernière branchie;cicatrice / boursoufflure au dessus branchie;;2 excroissances ;tronquée + excroissance;;lobe inf tronqué et arrondi;;;;;;
T005;Tikehau;;;;;;"25/01/25;06/03/25";F;;;;0;1;tache sombre sur le céphalofoil;;;;2 encoches;;;;;;;tache sombre sous la machoire FD;
T006;Tikehau;;;;;;"28/01/25;05/03/25;07/03/25";F;;;;1;1;cicatrices / marques blanches;cicatrices / marques blanches;;2 excroissances;taches sombres;taches sombres + entaille;entaille bord postérieur lobe sup;;;;point noir FG;;
T007;Tiputa;;;;;;09/09/2024;M;;;;1;0;;;;;;;gondolé sur partie postérieur et antérieur;;forme + point noir PG;;;;
T008;Tiputa;;;;;;22/12/2024;M;;;;1;0;;;;;2 entailles;;Forme de l'apex caractéristique;;;;Forme caractéristique fendue;;
T009;Tikehau;;;;;;06/03/2025;F;;;;0;1;;;;;2 excroissances;;;;;;;;
T010;Tikehau/Rangiroa;;;;;;"28/01/25;08/08/25";F;;;;1;0;;;;Entailles + Excroissances;;taches sombres caractéristiques;2 excroissance bordure postérieur du lobe sup;;;;marque noire;;
T011;Tikehau;;;;;;07/03/2025;F;;;;1;0;;;;entaille mi-hauteur;;taches sombres caractéristiques;;;;;;;
T012;Tiputa;;;;;;04/01/2025;M;;;;0;1;Grosse entaille au dessus branchies;;;;;;;;;courbure droite;;;
T013;Tiputa;;;;;;21/02/2025;M;;;;1;0;;cicatrice sous la dorsale;Marque de morsure / dents;2 entailles;;;1 excroissance bordure postérieure du lobe sup;;;;;2 points noirs sous céphalofoil ;
T014;Toau;;;;;;21/03/2025;F;;;;1;1;;cicatrices / marques blanches;Apex tronqué;;;entaille + marques blanches;"apex effilé ; marques blanches bord antérieur";;;;;"point noir coin de la bouche FD ; point noir sous PD";
